legajo,nombre,nota
1,Barby,10
2,Win,4
3,Jereme,2
4,Alison,10
5,Gabbi,9
6,Geraldine,9
7,Skippy,8
8,Amalee,5
9,Saraann,3
10,Gilbert,10
11,Ezechiel,5
12,Jamaal,8
13,Pearce,7
14,Vance,8
15,Lanita,7
16,Rubia,8
17,Randolf,10
18,Odie,8
19,Dermot,2
20,Kristen,3
21,Mair,8
22,Raff,1
23,Pacorro,2
24,Audie,10
25,Calvin,7
26,Valeria,1
27,Barrie,6
28,Karly,1
29,Megen,8
30,Marmaduke,9
31,Jaclyn,3
32,Maggie,8
33,Anatollo,2
34,Wiley,6
35,Tulley,8
36,Gunar,9
37,Carmelina,2
38,Caryl,10
39,Feodor,1
40,Burt,4
41,Zebulen,7
42,Laetitia,3
43,Rouvin,8
44,Barbie,1
45,Agnes,8
46,Eugenius,10
47,Elliot,4
48,Michel,8
49,Wyatan,4
50,Haze,3
51,Byram,7
52,Marlane,7
53,Lil,9
54,Kanya,10
55,Fenelia,7
56,Leontyne,10
57,Libbey,8
58,Logan,3
59,Sunshine,8
60,Lianne,10
61,Kasey,3
62,Dorthea,1
63,Derek,5
64,Nevile,1
65,Harlen,5
66,Delores,7
67,Rodie,1
68,Malissia,7
69,Anastasia,6
70,Beniamino,3
71,Lorrayne,3
72,Mersey,8
73,Corey,9
74,Sonja,8
75,Lissie,2
76,Butch,5
77,Tobin,1
78,Fayina,3
79,Alfie,7
80,Dorolice,10
81,Hatti,8
82,Lavinie,4
83,Cindie,2
84,Rhody,1
85,Auria,3
86,Tamqrah,4
87,Carmelina,4
88,Zena,10
89,Willetta,10
90,Tamara,9
91,Katleen,9
92,Fernanda,6
93,Olivier,7
94,Melania,9
95,Innis,9
96,Goraud,6
97,Raviv,10
98,Lenette,1
99,Mae,7
100,Romona,10
101,Agneta,10
102,Belita,9
103,Grazia,4
104,Arte,6
105,Veronica,10
106,Annaliese,7
107,Colene,1
108,Leshia,9
109,Ronny,7
110,Shandra,8
111,Georgette,6
112,Giacopo,4
113,Cullen,5
114,Shepperd,7
115,Regina,6
116,Ive,6
117,Dilan,4
118,Debera,1
119,Mercie,10
120,Tiffanie,9
121,Adair,5
122,Una,6
123,Rhonda,6
124,Der,7
125,Langsdon,6
126,Dionis,9
127,Pollyanna,6
128,Murvyn,3
129,Chrissie,3
130,Neil,4
131,Barbaraanne,7
132,Jeane,2
133,Teresina,6
134,Iorgo,10
135,Terra,10
136,Yale,5
137,Caprice,9
138,Stormie,6
139,Hannis,3
140,Hammad,7
141,Becky,8
142,Cooper,7
143,Price,10
144,Terri-jo,2
145,Darla,7
146,Roarke,9
147,Legra,8
148,Kingsly,9
149,Clarissa,9
150,Aeriell,5
151,Tracey,7
152,Glory,1
153,Cynthy,1
154,Nicolea,3
155,Cherin,7
156,Valida,6
157,Blondie,4
158,Adrea,9
159,Luz,7
160,Nikolos,6
161,Meta,6
162,Traci,2
163,Clari,9
164,Ingrim,6
165,Brigitte,5
166,Rabbi,1
167,Raven,10
168,Wilhelmine,6
169,Kalina,10
170,Homer,1
171,Delmer,6
172,Amalle,4
173,Cyndy,1
174,Karlotta,2
175,Imogene,2
176,Katey,3
177,Maison,9
178,Si,8
179,Traver,7
180,Vonni,2
181,Steward,2
182,Eben,2
183,Milzie,4
184,Mariquilla,5
185,Killy,2
186,Leland,7
187,Natal,6
188,Filberte,9
189,Luke,10
190,Gerta,2
191,Humberto,8
192,Ximenes,9
193,Mareah,5
194,Gilli,9
195,Jamesy,2
196,Jori,10
197,Aida,7
198,Stavro,7
199,Rupert,6
200,Martin,10
201,Vidovik,4
202,Miner,5
203,Roderigo,3
204,Payton,1
205,Kent,6
206,Gerty,1
207,Jo-anne,1
208,Linea,8
209,Moshe,1
210,Tyrone,6
211,Kain,10
212,Allard,1
213,Jeffrey,10
214,Gordon,4
215,Myca,2
216,Lorain,1
217,Pebrook,4
218,Pace,7
219,Cleavland,1
220,Ariella,6
221,Drugi,2
222,Loreen,7
223,Marja,10
224,Helge,7
225,Carola,1
226,Kale,1
227,Edita,3
228,Ola,8
229,Florette,7
230,Cathee,3
231,Melantha,10
232,Lawrence,7
233,Leola,1
234,Banky,2
235,Yvette,6
236,Jamie,5
237,Fredra,8
238,Maureen,5
239,Mikkel,9
240,Moselle,4
241,Reuben,5
242,Base,8
243,Libbie,9
244,Erick,9
245,Darbee,4
246,Neala,2
247,Lark,1
248,Skipp,3
249,Lane,10
250,Brion,7
251,Debera,6
252,Dasie,3
253,Trula,9
254,Pamelina,2
255,Rachel,9
256,Vaughn,8
257,Haleigh,5
258,Eben,3
259,Weston,8
260,Shela,2
261,Fanchon,4
262,Kate,8
263,Emelen,8
264,Christel,5
265,Suzie,2
266,Marrilee,1
267,Grenville,9
268,Emmery,2
269,Igor,2
270,Rickie,6
271,Arri,5
272,Lena,4
273,Emelita,8
274,Morgan,2
275,Hortensia,4
276,Ariela,4
277,Ulrick,7
278,Whit,8
279,Zsazsa,6
280,Royal,5
281,Penni,4
282,Izzy,6
283,Vance,8
284,Harmonie,6
285,Kory,5
286,Colas,7
287,Donovan,6
288,Andy,1
289,Morganne,5
290,Sigismondo,8
291,Christen,3
292,Cherry,9
293,Adora,3
294,Carney,8
295,Harland,8
296,Valry,4
297,Artemas,10
298,Neilla,4
299,Marcellus,6
300,Antons,1
301,Jolyn,4
302,Ki,8
303,Greg,5
304,Cary,3
305,Tish,2
306,Kenon,9
307,Irma,4
308,Diandra,9
309,Alejandrina,7
310,Lori,2
311,Ddene,7
312,Ber,2
313,Tallou,5
314,Lelia,5
315,Isidora,10
316,Raynard,1
317,Josephine,3
318,Abbott,5
319,Dean,3
320,Ernestus,9
321,Donica,8
322,Olav,6
323,Chrisy,3
324,Reta,9
325,Andrew,6
326,Allistir,9
327,Gerri,6
328,Beulah,10
329,Frayda,6
330,Lisabeth,3
331,Zarah,5
332,Wallie,2
333,Blakelee,4
334,Heidie,9
335,Merridie,6
336,Ardys,6
337,Pablo,1
338,Dyane,1
339,Massimo,8
340,Cathryn,2
341,Nina,1
342,Vivi,3
343,Inez,1
344,Alden,1
345,Dorri,5
346,Feodora,9
347,Bastian,10
348,Briana,5
349,Isiahi,6
350,Justen,9
351,Koenraad,3
352,Garold,4
353,Isabel,3
354,Arlen,1
355,Hanson,8
356,Christiane,4
357,Alyssa,3
358,Wendeline,1
359,Brennan,8
360,Isidro,4
361,Wilmette,8
362,Yule,6
363,Bridgette,10
364,Casey,7
365,Nicki,6
366,Arlana,6
367,Gage,10
368,Scarlett,6
369,Pattin,8
370,Abel,2
371,Oralla,5
372,Merissa,2
373,Kellen,2
374,Gran,7
375,Terri,6
376,Dominique,8
377,Abbey,10
378,Gearard,6
379,Waring,4
380,Silva,7
381,Murry,3
382,Sterne,3
383,Ursala,10
384,Tiphanie,4
385,Roxana,9
386,Ardella,6
387,Flemming,10
388,Dov,5
389,Danella,1
390,Leeland,6
391,Corinna,7
392,Joyan,9
393,Steve,9
394,Arlin,4
395,Bjorn,8
396,Ginnie,6
397,Aubry,10
398,Lise,8
399,Meredithe,7
400,Jeramey,4
401,Rubina,3
402,Tyler,10
403,Susanna,4
404,Glen,3
405,Jennette,8
406,Twila,7
407,Sutton,8
408,Dacia,10
409,Aeriell,9
410,Hanni,10
411,Shela,2
412,Halie,7
413,Marcus,4
414,Corby,2
415,Else,1
416,Lenora,7
417,Bond,7
418,Brigham,2
419,Carroll,2
420,Elianore,7
421,Rafaellle,10
422,Matty,1
423,Linet,10
424,Ilaire,9
425,Patricio,9
426,Leonore,3
427,Audry,2
428,Aurore,7
429,Charita,1
430,Adi,4
431,Cyndy,5
432,Flo,8
433,Janey,3
434,Jeannette,4
435,Dag,5
436,Margarette,8
437,Zeb,3
438,Ted,8
439,Uri,2
440,Coralie,4
441,Oralia,2
442,Mindy,8
443,Ramonda,1
444,Corbet,5
445,Angelia,8
446,Antonia,9
447,Brooke,9
448,Beaufort,7
449,Tadeo,5
450,Caitlin,8
451,Amandi,5
452,Niels,6
453,Cristi,5
454,Marsiella,8
455,Netti,6
456,Frasco,3
457,Amil,4
458,Ali,1
459,Teddy,8
460,Paige,5
461,Bonni,6
462,Irvin,10
463,Jordan,7
464,Drona,1
465,Wandie,6
466,Frankie,4
467,Florinda,5
468,Adrian,9
469,Imelda,3
470,Libbi,7
471,Conroy,4
472,Erin,9
473,Bea,2
474,Aldo,5
475,Meridel,7
476,Kameko,1
477,James,9
478,Karine,1
479,Lorrie,4
480,Birk,6
481,Hillyer,2
482,Pearce,3
483,Gilli,6
484,Archibaldo,7
485,Keane,5
486,Karlens,7
487,Garwood,3
488,Gannie,8
489,Julietta,3
490,Thomas,2
491,Karissa,10
492,Gayla,5
493,Barri,3
494,Cris,4
495,Mort,1
496,Marabel,7
497,Enriqueta,8
498,Meris,6
499,Clary,5
500,El,10
501,Leland,4
502,Elvira,9
503,Lanni,7
504,Ripley,3
505,Stavro,7
506,Cordy,4
507,Georgia,4
508,Mark,5
509,Concordia,2
510,Cornie,8
511,Darryl,4
512,Gilles,10
513,Arda,1
514,Chery,8
515,Jeffy,4
516,Rhys,5
517,Valida,7
518,Archambault,7
519,Nissy,1
520,Malory,7
521,Legra,8
522,Paddy,8
523,Marietta,2
524,Averyl,9
525,Pammie,4
526,Lucky,7
527,Ben,9
528,Ninnetta,10
529,Conan,4
530,Abbe,1
531,Dex,7
532,Gianna,4
533,Belita,6
534,Loise,1
535,Donny,4
536,Jobey,7
537,Yehudi,5
538,Ellerey,7
539,Bogart,8
540,Dilan,4
541,Bond,4
542,Mathilda,4
543,Ines,2
544,Alic,5
545,Harley,10
546,Keefe,4
547,Stacie,4
548,Anselm,3
549,Elayne,2
550,Powell,6
551,Marthena,8
552,Berny,3
553,Thorn,5
554,Brit,1
555,Benedikta,1
556,Wendie,5
557,Ricardo,1
558,Lisetta,3
559,Juliana,2
560,Dedie,2
561,Grace,3
562,Augusto,8
563,Thorvald,4
564,Kip,8
565,Myra,9
566,Alidia,10
567,Doretta,6
568,Asa,1
569,Jacynth,8
570,Roth,9
571,Hans,4
572,Thoma,1
573,Agnola,9
574,Emmi,2
575,Renata,7
576,Nicolis,3
577,Nels,6
578,Appolonia,6
579,Gareth,6
580,Leon,2
581,Yvor,10
582,Serene,9
583,Sheilakathryn,5
584,Nadine,2
585,Redd,6
586,Jon,3
587,Karmen,6
588,Shana,9
589,Maureen,8
590,Keri,10
591,Panchito,7
592,Janaya,1
593,Antonio,1
594,Valida,4
595,Brock,7
596,Tresa,9
597,Kippie,9
598,Sibeal,3
599,Germayne,8
600,Bettye,6
601,Sondra,6
602,Hubert,8
603,Elias,2
604,Xenia,4
605,Lurline,6
606,Zelma,10
607,Carl,1
608,Filippa,10
609,Mareah,10
610,Trace,1
611,Judye,7
612,Brook,2
613,Hugo,5
614,Sherlock,6
615,Zilvia,8
616,Karlie,10
617,Haven,10
618,Pedro,2
619,Farley,9
620,Maritsa,4
621,Sallyanne,4
622,Shelba,10
623,Lebbie,8
624,Lea,8
625,Celisse,4
626,Orren,7
627,Waylan,2
628,Nelia,10
629,Natalya,4
630,Roxane,2
631,Lorin,8
632,Lombard,6
633,Adam,7
634,Shanta,1
635,Axel,4
636,Bibbye,8
637,Adore,8
638,Melinda,4
639,Lavinie,1
640,Cristionna,9
641,Fleurette,3
642,Merola,1
643,Gabriell,4
644,Barron,10
645,Petr,2
646,Nil,2
647,Shamus,2
648,Cammie,2
649,Brigitte,4
650,Iormina,1
651,Rhetta,4
652,Cam,10
653,Camella,10
654,Beauregard,7
655,Alida,3
656,Siffre,4
657,Danita,6
658,Ignace,9
659,Chris,6
660,Winthrop,7
661,Bruis,6
662,Pieter,10
663,Delinda,3
664,Cliff,4
665,Lay,1
666,Camella,1
667,Bryanty,8
668,Gualterio,10
669,Iris,1
670,Clementina,6
671,Dolph,3
672,Perri,9
673,Irwin,2
674,Daron,3
675,Davey,5
676,Gussie,3
677,Auroora,6
678,Artie,4
679,Vittorio,6
680,Sharyl,10
681,Audrye,9
682,Olin,5
683,Elberta,2
684,Frazer,5
685,Krystyna,3
686,Jereme,9
687,Pernell,3
688,Birk,7
689,Cloe,3
690,Brod,1
691,Imojean,6
692,Lenka,4
693,Anny,7
694,Sonnnie,8
695,Melloney,5
696,Erica,6
697,Laird,6
698,Matilde,5
699,Dolph,7
700,Filberto,8
701,Kennedy,5
702,Morgen,10
703,Sophie,3
704,Tiffani,5
705,Moritz,8
706,Lemmie,2
707,Redford,1
708,Cordie,1
709,Bat,1
710,Lonna,4
711,Dru,7
712,Jillane,1
713,Moritz,10
714,Doro,1
715,Jonah,9
716,Corabella,8
717,Nevsa,8
718,Marilin,6
719,Ulrica,10
720,Roze,1
721,Shelton,1
722,Trixie,7
723,Agnes,5
724,Hammad,7
725,Gregoire,9
726,Sherlock,7
727,Chantalle,1
728,Cob,4
729,Jordain,4
730,Natassia,4
731,Sheilakathryn,6
732,Felipe,6
733,Adolph,7
734,Kathryne,9
735,Pate,6
736,Fara,1
737,Shaine,5
738,Ichabod,6
739,Ingrim,4
740,Desmund,10
741,Rachael,3
742,Brodie,8
743,Javier,4
744,Cory,1
745,Giusto,6
746,Gareth,3
747,Herbert,4
748,Tobie,10
749,Sanderson,8
750,Ezra,2
751,Lanny,8
752,Aile,6
753,Lulita,9
754,Demetri,8
755,Armin,1
756,Hadley,8
757,Bert,8
758,Danielle,9
759,Cathrine,7
760,Verge,9
761,Lucky,5
762,George,1
763,Bibby,8
764,Clemente,6
765,Marta,10
766,Mervin,4
767,Grange,6
768,Tadd,5
769,Zondra,4
770,Normy,10
771,Bentlee,9
772,Jonis,1
773,Micki,4
774,Jemmie,10
775,Rosanna,2
776,Lexis,5
777,Russell,2
778,Chelsae,2
779,Sherline,5
780,Marlow,7
781,Marilin,6
782,Jamal,6
783,Darill,4
784,Trey,8
785,Ferdinand,10
786,Marion,5
787,Rickey,6
788,Angelia,1
789,Jyoti,3
790,Caresse,6
791,Ania,6
792,Eada,9
793,Virgina,7
794,Prentiss,9
795,Vivia,5
796,Daffy,5
797,Bennett,4
798,Simon,10
799,Mort,1
800,Philippe,5
801,Kermit,7
802,Danell,1
803,Hadleigh,6
804,Paulina,2
805,Sheppard,8
806,Ginnie,3
807,Garvey,10
808,Anatollo,3
809,Barthel,4
810,Bab,9
811,Haley,8
812,Katusha,6
813,Leopold,3
814,Ashla,5
815,Carlina,10
816,Mattias,2
817,Giuseppe,9
818,Corty,10
819,Janelle,1
820,Elna,5
821,Lay,2
822,Liza,3
823,Jillayne,6
824,Kelsi,9
825,Jennifer,3
826,Candida,5
827,Marcellina,7
828,Theodosia,7
829,Shawn,8
830,Ely,9
831,Warde,2
832,Rubi,4
833,Renaud,4
834,Camala,3
835,Codie,3
836,Reggie,6
837,Nari,6
838,Reiko,3
839,Korie,10
840,Giulia,7
841,Arvin,9
842,Diane-marie,10
843,Evan,9
844,Herve,10
845,Colet,2
846,Sibel,5
847,Georgianne,1
848,Jeanelle,5
849,Nessie,3
850,Ty,9
851,Christel,10
852,Othella,10
853,Dimitri,7
854,Randolph,4
855,Roana,4
856,Rufus,3
857,Jeno,10
858,Jephthah,6
859,Crawford,3
860,Aloise,7
861,Drucy,9
862,Shadow,10
863,Stevana,3
864,Aliza,2
865,Berna,3
866,Marguerite,5
867,Hugibert,2
868,Vasili,2
869,Karlik,3
870,Alberik,1
871,Ola,10
872,Logan,7
873,Madelina,1
874,Vitoria,2
875,Konstantin,7
876,Ashby,5
877,Barbabra,4
878,Kerrin,1
879,Cherida,2
880,Natal,5
881,Albrecht,7
882,Benedikta,2
883,Keefer,9
884,Anjanette,2
885,Francklyn,9
886,Germaine,10
887,Annadiana,10
888,Carie,6
889,Korrie,3
890,Glynda,6
891,Archibaldo,6
892,Salomo,9
893,Marsh,10
894,Bonnie,2
895,Nataline,9
896,Paddie,10
897,Barrett,3
898,Yardley,10
899,Yankee,2
900,Cherilyn,8
901,Alan,2
902,Barbee,9
903,Lishe,5
904,Kristen,7
905,Harmon,8
906,Marylin,10
907,Latrina,6
908,Theo,5
909,Darrick,4
910,Winthrop,10
911,Cesare,9
912,Ewell,4
913,Lou,1
914,Elianora,7
915,Modesty,7
916,Lewie,1
917,Katharine,7
918,Tanny,1
919,Georgetta,10
920,Amalle,3
921,Bent,7
922,Davina,7
923,Teodora,4
924,Blinny,2
925,Reed,1
926,Brandise,7
927,Daryn,8
928,Aldwin,3
929,Durward,8
930,Bell,5
931,Charis,10
932,Carrie,4
933,Dorisa,5
934,Kimbell,3
935,Abram,8
936,Anita,7
937,Nari,10
938,Arlene,7
939,Dorice,3
940,Willard,9
941,Barb,8
942,Shaylyn,8
943,Nichole,2
944,Zonnya,4
945,Damian,9
946,Jordanna,5
947,Tuesday,4
948,Rosalind,8
949,Reeta,9
950,Caro,5
951,Demetrius,1
952,Consuela,2
953,Belia,4
954,Nicko,8
955,Allix,1
956,Jill,4
957,Leesa,6
958,Florentia,8
959,Hersh,6
960,Jake,1
961,Jasper,5
962,Titos,9
963,Lorette,8
964,Garfield,2
965,Burch,10
966,Marti,7
967,Mandie,4
968,Dee,1
969,Sidonia,10
970,Thea,7
971,Dru,7
972,Donovan,2
973,Sky,2
974,Ibrahim,1
975,Christiano,4
976,Chane,1
977,Sibylle,3
978,Yvonne,1
979,Cilka,3
980,Haley,1
981,Donni,2
982,Filippa,9
983,Grace,6
984,Georgina,6
985,Willem,3
986,Blythe,10
987,Andriette,10
988,Moses,2
989,Meaghan,1
990,Hayward,10
991,Bernie,8
992,Ransell,4
993,Cherise,10
994,Skelly,4
995,Hynda,5
996,Kiel,8
997,Helena,8
998,Wanda,3
999,Caleb,1
1000,Robby,3
